<?xml version="1.0" encoding="UTF-8"?>
<FileZilla3 version="3.46.3" platform="*nix">
	<Servers>
		<Server>
			<Host>92.204.37.72</Host>
			<Port>21</Port>
			<Protocol>0</Protocol>
			<Type>0</Type>
			<User>22890-livemessages-DEV01</User>
			<Pass encoding="base64">UzZycyF4bmFrIXFh</Pass>
			<Logontype>1</Logontype>
			<TimezoneOffset>0</TimezoneOffset>
			<PasvMode>MODE_DEFAULT</PasvMode>
			<MaximumMultipleConnections>0</MaximumMultipleConnections>
			<EncodingType>Auto</EncodingType>
			<BypassProxy>0</BypassProxy>
			<Name>livemessages</Name>
			<Comments>FTP
host: 92.204.37.72
user: 22890-livemessages-DEV01
pass: S6rs!xnak!qa</Comments>
			<Colour>0</Colour>
			<LocalDir />
			<RemoteDir />
			<SyncBrowsing>0</SyncBrowsing>
			<DirectoryComparison>0</DirectoryComparison>
		</Server>
	</Servers>
</FileZilla3>
