<?xml version="1.0" encoding="UTF-8"?>
<FileZilla3 version="3.46.3" platform="*nix">
	<Servers>
		<Server>
			<Host>venerablelaw.com</Host>
			<Port>21</Port>
			<Protocol>6</Protocol>
			<Type>0</Type>
			<User>vivek@venerablelaw.com</User>
			<Pass encoding="base64">YV05KXorditBSl4q</Pass>
			<Logontype>1</Logontype>
			<TimezoneOffset>0</TimezoneOffset>
			<PasvMode>MODE_DEFAULT</PasvMode>
			<MaximumMultipleConnections>0</MaximumMultipleConnections>
			<EncodingType>Auto</EncodingType>
			<BypassProxy>0</BypassProxy>
			<Name>venerablelaw.com</Name>
			<Comments>vivek@venerablelaw.com
a]9)z+v+AJ^*</Comments>
			<Colour>0</Colour>
			<LocalDir />
			<RemoteDir />
			<SyncBrowsing>0</SyncBrowsing>
			<DirectoryComparison>0</DirectoryComparison>
		</Server>
	</Servers>
</FileZilla3>
